date,NDVI_obs,B0,B1r,M3_dual_bucket,M3g,M3n,M3s
2020-01-04,0.4956,0.5092554301701341,0.5529577177506854,0.5829204263115396,0.4414306635836971,0.6013308979732818,0.4438594866157366
2020-01-09,0.4642,0.4996549409617837,0.5529577177506854,0.5793868114637666,0.4419813781006017,0.5970105339392868,0.4432949342507734
2020-01-14,0.4553,0.4903709097666154,0.5529577177506854,0.576656899464125,0.4436980575736134,0.593429807263527,0.4428395485981709
2020-01-19,0.4598,0.4815685988834764,0.5529577177506854,0.5730482540722569,0.4458518993338261,0.5886547782477455,0.4423970113094484
2020-01-29,0.4692,0.4660248450080579,0.5529577177506854,0.5664650589898469,0.4523264931653142,0.5805383131439299,0.4415875113896677
2020-02-08,0.4609,0.4541133982121445,0.5529577177506855,0.5564806097794618,0.4562773311268627,0.569842448970333,0.4410083573878915
2020-02-23,0.455,0.4446950895747598,0.5529577177506861,0.5339520329500889,0.4539086528895405,0.5459854780698905,0.4404516188390087
2020-03-09,0.4317,0.4462403413506144,0.5529577177507391,0.5248399279535108,0.4531172360577379,0.5381580956673011,0.4401509354244284
2020-04-18,0.4965,0.4918714619335003,0.5529580566627192,0.5299464837762653,0.4775656961266011,0.5438658821609632,0.4398866594662779
2020-04-28,0.4499,0.5073943006058829,0.5529891072418133,0.5348336366766532,0.497042631205943,0.5464595669277208,0.4400424765910412
2020-07-07,0.758,0.5718963937543048,0.6736629717622553,0.5543062067500437,0.5127812874472689,0.556242796564673,0.5297264616435924
2020-07-22,0.7546,0.5760235199445631,0.6736629717654408,0.5635152349869614,0.5177097604706697,0.5665724625950872,0.5347096595795858
2020-08-26,0.434,0.5901619279347515,0.6736629717654419,0.5706617365974975,0.5212074096457275,0.5725684908509451,0.538661553073839
2020-09-05,0.4813,0.5963749316036658,0.6736629717654419,0.5745153411486636,0.5246970900541391,0.5770181221303644,0.5398044174385717
2020-10-20,0.6234,0.6198319418280753,0.6736629717654419,0.5538693676714643,0.5084524329011775,0.5446530359372508,0.5431527935590782
2020-11-09,0.5247,0.6148878221841265,0.6736629717654419,0.5573152187720588,0.5272791331659602,0.5479925623963456,0.5452833840240776
2020-12-09,0.5819,0.5793650079073301,0.6736629717654419,0.5459653322524011,0.5402397501275676,0.5335092566522772,0.5469111866253996
2020-12-19,0.5746,0.5615304079294146,0.6736629717654419,0.540272792680731,0.5404062006405369,0.5302071667842099,0.5467260642788313
2021-01-03,0.5425,0.5365557960808374,0.6567734364517611,0.5140113844178236,0.5424963374556072,0.5128164332830919,0.5589732646966801
2021-01-08,0.5463,0.5275415502106207,0.5403447270939082,0.5047457611243905,0.5388060035480283,0.5053405795382121,0.556667469202827
2021-01-13,0.5387,0.5182969572132888,0.5403447270939082,0.4965369603463193,0.5346763898081037,0.5006494803851445,0.5538396879434676
2021-01-18,0.4909,0.5089955166107236,0.5403447270939082,0.4878785766288321,0.5298277599113218,0.4957562369257322,0.5501888448599113
2021-01-23,0.4776,0.4998190056946324,0.5403447270939082,0.4791432521940718,0.5244582021728081,0.4909039790491413,0.5457146291084104
2021-01-28,0.4172,0.4909528759788947,0.5403447270939082,0.4719625269380186,0.5189008440796986,0.4882103806837066,0.5406670742428021
2021-02-02,0.4362,0.4825814867592561,0.5403447270939082,0.4612981603926123,0.5130341596049178,0.4790150472042696,0.5345898750454275
2021-02-07,0.4402,0.4748833112484986,0.5403447270939082,0.4484503533720338,0.5069408973702346,0.4666992850567827,0.5276478741511785
2021-02-12,0.5114,0.4680262520059182,0.5403447270939082,0.4427973156722855,0.5018325712871976,0.4657343066349321,0.5209673463531753
2021-02-22,0.4874,0.4574279620124216,0.5403447270939082,0.4258662234403604,0.4925775275480776,0.4541943263746548,0.5069832401216579
2021-02-27,0.4708,0.4539316810433535,0.5403447270939084,0.4220849094645943,0.488458155982701,0.4577748903342148,0.5006604875395563
2021-03-24,0.5747,0.4570199412615364,0.5403447270972107,0.4764792154197826,0.5018938204601315,0.5074658053052183,0.5080278872843567
2021-05-08,0.628,0.531446892039486,0.5574113008022135,0.5478683159242929,0.5360485586496365,0.5733851178919038,0.5641823241956859
2021-05-23,0.6958,0.5610290923323191,0.6566916716623582,0.5702711388941347,0.5477860632543498,0.5960743484473712,0.5680363553518869
2021-08-21,0.6198,0.604250607847925,0.6567734364517611,0.6053503431165277,0.5531942765561533,0.6251001692486644,0.5774913372440628
2021-10-25,0.7234,0.613165275091006,0.6567734364517611,0.5845500793275336,0.5347142533792268,0.5822124232650608,0.5823641320850541
2021-11-04,0.7217,0.6149270570215146,0.6567734364517611,0.5899474289468013,0.546923332760496,0.5890805585931951,0.5835874598908942
2021-12-09,0.4912,0.5989980843476482,0.6567734364517611,0.5853101376913352,0.5660400209262039,0.5775591335312593,0.5861152263086989
2021-12-29,0.4661,0.5711435669340801,0.6567734364517611,0.5714541697181219,0.5725278598814331,0.56191109034778,0.58471887690161
2022-01-08,0.4508,0.5581294980037165,0.6516126897404907,0.583254160136012,0.5912299272774415,0.5702382318167953,0.5944009678635606
2022-01-13,0.4577,0.5482453417747618,0.5366354662329507,0.5717020162745637,0.5867773147749328,0.5578577394000209,0.5905769641361798
2022-01-28,0.411,0.5196558608163113,0.536635466241758,0.5462673451972806,0.5699139831478535,0.5411492658077928,0.5731065626462941
2022-02-07,0.4189,0.5034949967479381,0.5366354662604753,0.5403443791987048,0.5609734631449861,0.5435766803391907,0.5605220400088982
2022-02-17,0.4801,0.4913574750560112,0.536635466596636,0.5439652300249536,0.554695415344258,0.5460559961484814,0.5756564968374575
2022-02-27,0.5411,0.4843620808488607,0.5366354783418626,0.5598459469727866,0.5732470544515931,0.5593361072266871,0.5956024676473425
2022-03-29,0.6251,0.4984444220469045,0.5384738376975974,0.6080246713561699,0.5986589696742982,0.6099461162893953,0.6020052165753036
2022-04-03,0.512,0.5055239560580069,0.5447672683333502,0.6102516707448964,0.5988257153292462,0.6115807330329909,0.6025044135190016
2022-04-18,0.4383,0.5323796368606112,0.6456551179754845,0.6179445623764762,0.6094737830200185,0.6186584583701654,0.6033627962770445
2022-07-27,0.6856,0.6378802474762031,0.6516126897404907,0.6553399967389979,0.5939952759958512,0.6647726445812702,0.6135469105551907
2022-10-05,0.6757,0.636204339200912,0.6516126897404907,0.645676427299797,0.5706491386683268,0.643247500079882,0.6198499319524889
2022-10-25,0.6102,0.6458463693711292,0.6516126897404907,0.6443216823254914,0.596307854490965,0.6388638484243162,0.6217360958438273
2022-10-30,0.6712,0.6475087098283713,0.6516126897404907,0.6435983931061183,0.6012947951350934,0.6371735118965316,0.622175441063797
2022-11-04,0.646,0.6485890841447179,0.6516126897404907,0.6445316817312038,0.6123636082291888,0.6381109848135006,0.6226439603518558
2022-11-29,0.6669,0.6414186096591589,0.6516126897404907,0.634990400760103,0.6139705499902852,0.6204890600566402,0.623857529970542
2022-12-14,0.6218,0.6251181097992778,0.6516126897404907,0.6365469914081825,0.6231865722815695,0.621120050943447,0.6253209185198059
2022-12-19,0.5893,0.6177747780158723,0.6516126897404907,0.6343270896489824,0.6256057743848471,0.6171664508944352,0.6253645702126825
2022-12-24,0.5679,0.6096232947581199,0.6516126897404907,0.6322014779512032,0.6286164612518018,0.6133398167154925,0.6251529257078883
2022-12-29,0.5853,0.6007924120373792,0.6516126897404907,0.6279110936767074,0.6300205845247473,0.6082221933701464,0.62447708620102
2023-01-03,0.5783,0.5773153193996178,0.6452261226985524,0.6107010650668664,0.6109947821723734,0.5922537794563374,0.6089167276959981
2023-01-18,0.5801,0.5497741008760204,0.5288546055261578,0.5917824995443002,0.6044542993848121,0.5735150150283986,0.6024245885585188
2023-01-23,0.5382,0.5412443354426303,0.5288546055261578,0.5865300330831125,0.6032780829234228,0.5706032733942271,0.5997225668706854
2023-01-28,0.5279,0.533315180988684,0.5288546055261578,0.5758008540943308,0.5988384000442086,0.56093737783302,0.5949891840230106
2023-02-17,0.5765,0.5104514799687169,0.528854605526159,0.5664345366234487,0.5872009111703671,0.5644699412411132,0.5816947367720813
2023-02-22,0.5503,0.5075088862742098,0.5288546055261629,0.5653796595319637,0.5903608140138048,0.561809087391705,0.579229420069216
2023-02-27,0.5616,0.5058232474151179,0.5288546055261699,0.5555359925403696,0.5868378556810709,0.5513572501827346,0.5726615667586691
2023-03-14,0.4979,0.5084758086141328,0.52885460552623,0.5169379459245892,0.5640751079333917,0.516724536056109,0.5446071078922633
2023-04-08,0.5679,0.5357613748474366,0.5288546057593112,0.525151396436189,0.55651760684682,0.5449979635204084,0.5078562869496916
2023-04-28,0.5301,0.5699834315884327,0.5288550367526575,0.5405252781895908,0.577426722693227,0.5622442657848519,0.4914296502830882
2023-05-13,0.6046,0.5964870488606681,0.5300081916662807,0.5769342484778668,0.604272171880425,0.5932217564843214,0.518424320528276
2023-06-02,0.6958,0.6259801825832055,0.6448658122356838,0.609229012075597,0.6148142870930549,0.620973440061982,0.5736187075622545
2023-06-22,0.7937,0.6444939851820072,0.6452261000356541,0.6276678823591434,0.6091248426115267,0.6358924087656306,0.6138550535797025
2023-08-16,0.6041,0.654945401882502,0.6452261226985524,0.6628336884725805,0.6088121526625001,0.6690884704927049,0.6269079162951976
2023-09-20,0.6623,0.6640653343166036,0.6452261226985524,0.6653859845659027,0.6009124674142879,0.6665904979155838,0.6311221453244791
2023-10-15,0.6697,0.6730814629501987,0.6452261226985524,0.6621128017393837,0.5969207335627005,0.6580332561035351,0.6338025199135778
2023-10-20,0.7157,0.6740662243530146,0.6452261226985524,0.6635817549118386,0.6006169962686355,0.6595727267226578,0.6345186624647684
2023-11-24,0.6732,0.6618842677461034,0.6452261226985524,0.6716112361418413,0.6277207923767675,0.6677117253952765,0.6392610287046786
2023-11-29,0.6668,0.6567752849459335,0.6452261226985524,0.6691158088257001,0.6307470041060625,0.6633742619656232,0.6396504774647265
2023-12-09,0.6814,0.6440414727698216,0.6452261226985524,0.6638148326581729,0.6365990996545108,0.6543037504854389,0.6400624203744713
2023-12-19,0.6632,0.6284132601615786,0.6452261226985524,0.6487706736370601,0.6369194439247061,0.6350579689469299,0.6388680059988954
2024-01-03,0.6368,0.6052772837748704,0.6436679872720081,0.6169618614022354,0.6306397008364845,0.6146092636084248,0.634952296682283
2024-01-08,0.6125,0.5957320688489113,0.5319263980487015,0.6027178681899301,0.6228134784518011,0.6003749412151853,0.632310058054572
2024-01-18,0.5399,0.5769232984799286,0.5319263980487015,0.5767187933409194,0.6031863074927395,0.5761183509139357,0.6226426643033194
2024-01-28,0.5231,0.5598847261510924,0.5319263980487015,0.5525714027640817,0.580391162521519,0.5538573780657919,0.605760160847532
2024-02-12,0.5735,0.5411055163463038,0.5319263980487015,0.5521850338044502,0.5561794669247042,0.5586628659749179,0.5818115064674878
2024-03-03,0.5264,0.5349203409965602,0.5319263980487141,0.5478190197310709,0.54012537550412,0.5612023991241419,0.5366426098614837
2024-03-08,0.4913,0.5372561681566461,0.5319263980488242,0.5580136518076172,0.5473573187875969,0.5692126472899446,0.5354680417234897
2024-03-18,0.523,0.5465339690463054,0.5319263980648931,0.579895727750349,0.5661154964986925,0.5886929604231202,0.5382482722622141
2024-04-07,0.4696,0.5806953008209927,0.5319265889968213,0.6137730830347378,0.6251510402854557,0.6161708795570505,0.5741077067297748
2024-04-22,0.5119,0.6146980402724646,0.5320071198999187,0.6124963995837148,0.6327087814541328,0.6184077278158456,0.5411086126333384
2024-04-27,0.4947,0.6265090390841785,0.5322235621085372,0.6042740744274264,0.6304791937224012,0.6108716621735608,0.52650178439243
2024-05-12,0.5325,0.6603150509031833,0.5676985451497397,0.5901148420992849,0.6216035379047289,0.5973898928694051,0.5063626476485821
2024-05-27,0.5531,0.6877410288301813,0.6435207257089229,0.6190091547050498,0.6327554270891013,0.6216280586566783,0.6319052046120623
2024-08-05,0.6153,0.6943141130103004,0.6436679872720081,0.6427249752397514,0.6096173857667634,0.6315734022154201,0.6470310680204512
2024-10-24,0.778,0.6922123571882571,0.6436679872720081,0.6850112786737909,0.6341001133896178,0.6789868359910841,0.6568777623168676
2024-10-29,0.7033,0.6931565001587167,0.6436679872720081,0.6838270250342053,0.6407898322218412,0.6771702071568858,0.6573993842833991
2024-11-03,0.6853,0.6935051564959309,0.6436679872720081,0.6895924618395481,0.6480118400765307,0.684556630080369,0.6581316687849154
2024-11-08,0.6789,0.6931340495423859,0.6436679872720081,0.6869999595276086,0.6503709062203886,0.680880726102546,0.6586143877226117
2024-11-18,0.6959,0.6898303278615873,0.6436679872720081,0.6884364692185292,0.661226064079292,0.6823189196572812,0.6597776221238925
2024-11-28,0.7078,0.6826830751703983,0.6436679872720081,0.6819644176936837,0.6690147904717505,0.6733170127147743,0.6606000885285926
2024-12-03,0.7025,0.6776130168771615,0.6436679872720081,0.6766702267396028,0.6713394583507404,0.6664709202599226,0.6607980867284856
2024-12-18,0.6516,0.6568873024026224,0.6436679872720081,0.6425471012480407,0.662454931997128,0.6296302938639161,0.6594060068568848
2025-01-02,0.609,0.6275725902423964,0.6435145536221287,0.6053277903264359,0.6464520747971653,0.5959745261043287,0.6416708002790045
2025-01-07,0.6116,0.6179405496157739,0.6435145536221287,0.5935166268339006,0.6356363564787464,0.5866057718798422,0.6291749913327974
2025-02-06,0.558,0.5653992629070567,0.5257072481351197,0.5166735839305597,0.5483424440321027,0.5236171698759099,0.52856181859036
2025-02-11,0.5541,0.5592072846452086,0.5257072485801706,0.5049526323478524,0.5355500324075864,0.5140772229712204,0.5159896680022544
2025-02-26,0.5708,0.5479787151477361,0.5257072595925161,0.5057771215206477,0.5198292379701528,0.5150094767566783,0.4998161203189472
2025-03-18,0.6049,0.5526057958372768,0.5257080430945621,0.5527364222702218,0.5598770882648891,0.5563746439373252,0.5070347839862479
2025-03-23,0.6179,0.5572539447385917,0.5257093112083279,0.5634780877398528,0.598014133234581,0.564957385268022,0.523043101959763
2025-03-28,0.6139,0.5631610558142363,0.5257138261314117,0.5759845860715662,0.6211807286039456,0.575713672683691,0.5317104034504891
2025-05-07,0.6195,0.6379481378360141,0.5758716977168137,0.6656353174474007,0.6767251454076723,0.6618887011533158,0.6756427184590824
2025-06-06,0.7111,0.6895636267652554,0.6431986441851175,0.6788789379979658,0.6566804662616231,0.6715053064774313,0.6818746654478682
2025-10-19,0.7212,0.7133917603725113,0.6435145536221285,0.7029128128670443,0.6515379687945498,0.6892031004844434,0.6982486498989441
2025-12-03,0.7329,0.6978762528115556,0.6435145536221287,0.6731656008096017,0.67783242679195,0.6485805078309744,0.7015501380788924
2025-12-08,0.7253,0.6918114316982048,0.6435145536221287,0.6701641766776759,0.6865470514341787,0.6445006741515591,0.7018725440170123
2025-12-13,0.7067,0.6848796962315001,0.6435145536221287,0.6652024748841662,0.6897414058306722,0.6379971103314569,0.7015551897474076
2025-12-28,0.6875,0.659788673156615,0.6435145536221287,0.6407177353554218,0.6914080515342255,0.6178780490626437,0.6962833583478415
2025-12-30,0.6873,0.6560786690971482,0.6435145536221287,0.6372709135165142,0.6898185676808994,0.6157444361213269,0.6948975129269206
2026-01-02,0.673,0.6515082334674973,0.6482580514445662,0.6356872481537013,0.690863725475343,0.6186231760077351,0.6837883078775043
2026-01-07,0.6665,0.6414629645919335,0.6482580514445662,0.6253934253459332,0.6839465719276431,0.6147722493160513,0.671450503347431
2026-01-12,0.6435,0.631453903657892,0.510507485754948,0.6145966121658977,0.6734812219020794,0.610420591123146,0.6556856859394424
2026-01-17,0.6414,0.6216758869458354,0.510507485754948,0.6026953691698227,0.6600643359825427,0.6037984797189073,0.6355462764267145
2026-01-27,0.6462,0.6035975797583736,0.510507485754948,0.5877088120059812,0.6317750231196844,0.597693568867563,0.6006936472828323
2026-02-01,0.6377,0.595677040647112,0.510507485754948,0.5741079123208135,0.6146443497879319,0.5859205185680509,0.5765020323254182
2026-02-11,0.5975,0.5829332296719065,0.510507485754948,0.5574073453825055,0.5825256949207733,0.5769126194882156,0.5407729971244093
2026-02-21,0.6506,0.5752432830603367,0.5105074857549484,0.5462354623498142,0.5626407168981645,0.5698709942014808,0.5193724621545345
2026-03-08,0.6625,0.5746948160733493,0.510507485755576,0.5808856038983139,0.5891515305639596,0.6077598740251652,0.5184285922263112
2026-03-13,0.6287,0.5775446950030209,0.5105074857580463,0.5735037544143284,0.5936414999527474,0.5992702705917025,0.512888378079386
2026-04-07,0.6149,0.6118210144278253,0.5105080247911745,0.6050535161998969,0.6421854225806729,0.6440950037870264,0.5003188805071903
2026-04-17,0.5693,0.6323615099400882,0.5105278746074614,0.5905876449784628,0.6321590270138716,0.6377492969345769,0.4958877087014382
2026-04-19,0.5632,0.6367296140659493,0.5105558285606686,0.5885644339769871,0.6304048590720258,0.6369281242926119,0.4954147594424317
2026-04-22,0.588,0.6433844324572268,0.5107705969307396,0.5956096678360923,0.6332083862380549,0.6441529215337238,0.4948914922229571
2026-04-27,0.5953,0.6546416280787568,0.5131297163432743,0.6071759106698704,0.644599857465022,0.6518358488408794,0.4943086867392383
2026-07-21,0.7018,0.7509863462178016,0.6482580514445662,0.7233576690590047,0.6934276725253193,0.7187460072509997,0.7274839331482157
2026-08-25,0.6053,0.7414568258028806,0.6482580514445662,0.7134608524680213,0.6645797211414517,0.6999014030631948,0.7298296409770396
