lat,lon,property,depth,mean,Q05,Q50,Q95,unit
12.651,102.2128,wv0010,0-5cm,0.379,0.184,0.39,0.48,m3/m3
12.651,102.2128,wv0010,5-15cm,0.379,0.215,0.388,0.477,m3/m3
12.651,102.2128,wv0010,15-30cm,0.379,0.215,0.388,0.477,m3/m3
12.651,102.2128,wv0010,30-60cm,0.382,0.22,0.397,0.486,m3/m3
12.651,102.2128,wv0010,60-100cm,0.38,0.225,0.388,0.492,m3/m3
12.651,102.2128,wv0010,100-200cm,0.363,0.228,0.373,0.46,m3/m3
12.651,102.2128,wv0033,0-5cm,0.332,0.16,0.351,0.429,m3/m3
12.651,102.2128,wv0033,5-15cm,0.329,0.16,0.352,0.425,m3/m3
12.651,102.2128,wv0033,15-30cm,0.335,0.163,0.358,0.425,m3/m3
12.651,102.2128,wv0033,30-60cm,0.337,0.163,0.357,0.425,m3/m3
12.651,102.2128,wv0033,60-100cm,0.338,0.19,0.354,0.436,m3/m3
12.651,102.2128,wv0033,100-200cm,0.332,0.182,0.339,0.431,m3/m3
12.651,102.2128,wv1500,0-5cm,0.126,0.037,0.087,0.289,m3/m3
12.651,102.2128,wv1500,5-15cm,0.134,0.037,0.092,0.319,m3/m3
12.651,102.2128,wv1500,15-30cm,0.14,0.04,0.093,0.325,m3/m3
12.651,102.2128,wv1500,30-60cm,0.185,0.036,0.192,0.357,m3/m3
12.651,102.2128,wv1500,60-100cm,0.212,0.036,0.225,0.359,m3/m3
12.651,102.2128,wv1500,100-200cm,0.223,0.036,0.225,0.355,m3/m3
12.651,102.2128,bdod,0-5cm,1.3,0.82,1.32,1.71,g/cm3
12.651,102.2128,bdod,5-15cm,1.33,0.83,1.37,1.78,g/cm3
12.651,102.2128,bdod,15-30cm,1.33,0.83,1.4,1.82,g/cm3
12.651,102.2128,bdod,30-60cm,1.33,0.86,1.4,1.82,g/cm3
12.651,102.2128,bdod,60-100cm,1.37,0.9,1.41,1.83,g/cm3
12.651,102.2128,bdod,100-200cm,1.37,0.88,1.42,1.82,g/cm3
12.651,102.2128,sand,0-5cm,47.5,10.0,53.1,78.8,%
12.651,102.2128,sand,5-15cm,48.8,10.1,54.6,78.8,%
12.651,102.2128,sand,15-30cm,46.1,8.4,48.8,78.7,%
12.651,102.2128,sand,30-60cm,42.0,6.0,40.2,78.7,%
12.651,102.2128,sand,60-100cm,38.8,8.2,36.9,75.9,%
12.651,102.2128,sand,100-200cm,38.5,7.9,36.9,73.5,%
12.651,102.2128,silt,0-5cm,30.9,6.4,25.8,81.0,%
12.651,102.2128,silt,5-15cm,30.2,6.4,24.8,80.0,%
12.651,102.2128,silt,15-30cm,29.9,5.4,24.0,81.1,%
12.651,102.2128,silt,30-60cm,26.5,3.3,21.3,73.2,%
12.651,102.2128,silt,60-100cm,25.7,5.3,21.3,68.3,%
12.651,102.2128,silt,100-200cm,26.1,4.5,20.8,73.8,%
12.651,102.2128,clay,0-5cm,21.6,1.5,8.8,78.2,%
12.651,102.2128,clay,5-15cm,21.0,1.3,9.8,78.2,%
12.651,102.2128,clay,15-30cm,24.0,2.0,10.4,81.1,%
12.651,102.2128,clay,30-60cm,31.5,2.7,29.7,83.0,%
12.651,102.2128,clay,60-100cm,35.5,3.1,39.6,75.6,%
12.651,102.2128,clay,100-200cm,35.4,3.0,39.6,71.9,%
12.651,102.2128,soc,0-5cm,24.6,6.2,16.4,59.1,g/kg
12.651,102.2128,soc,5-15cm,23.8,5.2,14.5,50.8,g/kg
12.651,102.2128,soc,15-30cm,14.0,2.7,7.4,42.6,g/kg
12.651,102.2128,soc,30-60cm,8.7,1.0,4.6,19.6,g/kg
12.651,102.2128,soc,60-100cm,5.0,1.0,3.5,12.6,g/kg
12.651,102.2128,soc,100-200cm,4.1,0.8,3.0,11.8,g/kg
